article,wikipedia-url,wikidata-id,OSM-tag
Brooklyn Bridge,http://en.wikipedia.org/wiki/Brooklyn_Bridge,125006,bridge
Kangchenjunga,http://en.wikipedia.org/wiki/Kangchenjunga,82019,peak
Neverland Ranch,http://en.wikipedia.org/wiki/Neverland_Ranch,953021,attraction
Hollywood,http://en.wikipedia.org/wiki/Hollywood,34006,neighbourhood
Stanford University,http://en.wikipedia.org/wiki/Stanford_University,41506,university
Indianapolis Motor Speedway,http://en.wikipedia.org/wiki/Indianapolis_Motor_Speedway,172732,track
"Worcester, Massachusetts",http://en.wikipedia.org/wiki/Worcester%2C_Massachusetts,49179,city
"West Palm Beach, Florida",http://en.wikipedia.org/wiki/West_Palm_Beach%2C_Florida,163749,city
Ooty,http://en.wikipedia.org/wiki/Ooty,9888,town
Plymouth,http://en.wikipedia.org/wiki/Plymouth,43382,city
"Beverly Hills, California",http://en.wikipedia.org/wiki/Beverly_Hills%2C_California,127856,city
Naval Base San Diego,http://en.wikipedia.org/wiki/Naval_Base_San_Diego,743898,naval_base
"Forest Lawn Memorial Park, Glendale",http://en.wikipedia.org/wiki/Forest_Lawn_Memorial_Park%2C_Glendale,1437214,cemetery
Appalachian Mountains,http://en.wikipedia.org/wiki/Appalachian_Mountains,93332,ridge
Bathhouse Row,http://en.wikipedia.org/wiki/Bathhouse_Row,4869025,attraction
"Greensboro, North Carolina",http://en.wikipedia.org/wiki/Greensboro%2C_North_Carolina,49238,city
Indiana,http://en.wikipedia.org/wiki/Indiana,1415,state
"Cupertino, California",http://en.wikipedia.org/wiki/Cupertino%2C_California,189471,city
Gangkhar Puensum,http://en.wikipedia.org/wiki/Gangkhar_Puensum,219986,peak
"Charleston, South Carolina",http://en.wikipedia.org/wiki/Charleston%2C_South_Carolina,47716,city
Lakshadweep,http://en.wikipedia.org/wiki/Lakshadweep,26927,state
Southern California,http://en.wikipedia.org/wiki/Southern_California,844837,region
Rikers Island,http://en.wikipedia.org/wiki/Rikers_Island,120119,prison
New York metropolitan area,http://en.wikipedia.org/wiki/New_York_metropolitan_area,683705,region
Sri Lanka,http://en.wikipedia.org/wiki/Sri_Lanka,854,country
Manhattan,http://en.wikipedia.org/wiki/Manhattan,11299,county
Johns Hopkins University,http://en.wikipedia.org/wiki/Johns_Hopkins_University,193727,university
Humayun's Tomb,http://en.wikipedia.org/wiki/Humayun%27s_Tomb,189648,monument
"Stockton, California",http://en.wikipedia.org/wiki/Stockton%2C_California,49240,city
Hoover Dam,http://en.wikipedia.org/wiki/Hoover_Dam,172822,dam
Chongqing,http://en.wikipedia.org/wiki/Chongqing,11725,city
Kodaikanal,http://en.wikipedia.org/wiki/Kodaikanal,253851,city
Wyoming,http://en.wikipedia.org/wiki/Wyoming,1214,state
MetLife Stadium,http://en.wikipedia.org/wiki/MetLife_Stadium,10862290,stadium
"University of Maryland, College Park",http://en.wikipedia.org/wiki/University_of_Maryland%2C_College_Park,503415,university
Goa,http://en.wikipedia.org/wiki/Goa,1171,state
Brown University,http://en.wikipedia.org/wiki/Brown_University,49114,university
Minnesota,http://en.wikipedia.org/wiki/Minnesota,1527,state
Florida State University,http://en.wikipedia.org/wiki/Florida_State_University,861548,university
Alton Towers Resort,http://en.wikipedia.org/wiki/Alton_Towers_Resort,443909,theme_park
Indian subcontinent,http://en.wikipedia.org/wiki/Indian_subcontinent,60140,region
Los Angeles International Airport,http://en.wikipedia.org/wiki/Los_Angeles_International_Airport,8731,aerodrome
Oregon,http://en.wikipedia.org/wiki/Oregon,824,state
"St. Petersburg, Florida",http://en.wikipedia.org/wiki/St._Petersburg%2C_Florida,49236,city
Oklahoma City,http://en.wikipedia.org/wiki/Oklahoma_City,34863,city
Inland Empire,http://en.wikipedia.org/wiki/Inland_Empire,1148552,region
"Buffalo, New York",http://en.wikipedia.org/wiki/Buffalo%2C_New_York,40435,city
Kochi,http://en.wikipedia.org/wiki/Kochi,1800,city
Missouri River,http://en.wikipedia.org/wiki/Missouri_River,5419,river
Channel Islands,http://en.wikipedia.org/wiki/Channel_Islands,42314,island
Gateway of India,http://en.wikipedia.org/wiki/Gateway_of_India,864862,monument
Tirumala Venkateswara Temple,http://en.wikipedia.org/wiki/Tirumala_Venkateswara_Temple,9375937,place_of_worship
Discovery Island (Bay Lake),http://en.wikipedia.org/wiki/Discovery_Island_%28Bay_Lake%29,2897849,island
Washington (state),http://en.wikipedia.org/wiki/Washington_%28state%29,1223,state
Syracuse University,http://en.wikipedia.org/wiki/Syracuse_University,617433,university
Mount Rushmore,http://en.wikipedia.org/wiki/Mount_Rushmore,83497,peak
"Hart Island, New York",http://en.wikipedia.org/wiki/Hart_Island%2C_New_York,2646503,island
"Riverside, California",http://en.wikipedia.org/wiki/Riverside%2C_California,49243,city
"Fort Wayne, Indiana",http://en.wikipedia.org/wiki/Fort_Wayne%2C_Indiana,49268,city
"Kansas City, Missouri",http://en.wikipedia.org/wiki/Kansas_City%2C_Missouri,41819,city
Harvard College,http://en.wikipedia.org/wiki/Harvard_College,49123,university
United States Naval Academy,http://en.wikipedia.org/wiki/United_States_Naval_Academy,559549,university
Dhaka,http://en.wikipedia.org/wiki/Dhaka,1354,city
"Corpus Christi, Texas",http://en.wikipedia.org/wiki/Corpus_Christi%2C_Texas,49242,city
Kansas,http://en.wikipedia.org/wiki/Kansas,1558,state
"Helena, Montana",http://en.wikipedia.org/wiki/Helena%2C_Montana,38733,city
"Jacksonville, Florida",http://en.wikipedia.org/wiki/Jacksonville%2C_Florida,16568,city
Salt Lake Stadium,http://en.wikipedia.org/wiki/Salt_Lake_Stadium,787124,stadium
Mexico,http://en.wikipedia.org/wiki/Mexico,96,country
Dawson's Creek,http://en.wikipedia.org/wiki/Dawson%27s_Creek,461357,
Monterrey,http://en.wikipedia.org/wiki/Monterrey,81033,city
Dallas/Fort Worth International Airport,http://en.wikipedia.org/wiki/Dallas%2FFort_Worth_International_Airport,459096,aerodrome
Yale University,http://en.wikipedia.org/wiki/Yale_University,49112,university
Kolkata,http://en.wikipedia.org/wiki/Kolkata,1348,city
Mangalore,http://en.wikipedia.org/wiki/Mangalore,127041,city
Colombo,http://en.wikipedia.org/wiki/Colombo,35381,city
Grand Canyon Skywalk,http://en.wikipedia.org/wiki/Grand_Canyon_Skywalk,1542550,bridge
CBGB,http://en.wikipedia.org/wiki/CBGB,1022965,attraction
Mount Rainier,http://en.wikipedia.org/wiki/Mount_Rainier,194057,volcano
Puget Sound,http://en.wikipedia.org/wiki/Puget_Sound,604141,bay
"Fort Worth, Texas",http://en.wikipedia.org/wiki/Fort_Worth%2C_Texas,16558,city
Tiruchirappalli,http://en.wikipedia.org/wiki/Tiruchirappalli,207754,city
Colorado River,http://en.wikipedia.org/wiki/Colorado_River,1265,river
University of Chicago,http://en.wikipedia.org/wiki/University_of_Chicago,131252,university
Mount Whitney,http://en.wikipedia.org/wiki/Mount_Whitney,235539,peak
Northern Territory,http://en.wikipedia.org/wiki/Northern_Territory,3235,state
CN Tower,http://en.wikipedia.org/wiki/CN_Tower,134883,attraction
New Delhi,http://en.wikipedia.org/wiki/New_Delhi,987,city
"Orlando, Florida",http://en.wikipedia.org/wiki/Orlando%2C_Florida,49233,city
"SoHo, Manhattan",http://en.wikipedia.org/wiki/SoHo%2C_Manhattan,461572,neighbourhood
Caesars Palace,http://en.wikipedia.org/wiki/Caesars_Palace,569978,casino
Quad Cities,http://en.wikipedia.org/wiki/Quad_Cities,1660598,region
Hollywood Walk of Fame,http://en.wikipedia.org/wiki/Hollywood_Walk_of_Fame,71719,footway
"Cheyenne, Wyoming",http://en.wikipedia.org/wiki/Cheyenne%2C_Wyoming,39042,city
Pisa,http://en.wikipedia.org/wiki/Pisa,13375,city
South Carolina,http://en.wikipedia.org/wiki/South_Carolina,1456,state
University of Toronto,http://en.wikipedia.org/wiki/University_of_Toronto,180865,university
"Harrisburg, Pennsylvania",http://en.wikipedia.org/wiki/Harrisburg%2C_Pennsylvania,25280,city
Boston,http://en.wikipedia.org/wiki/Boston,100,city
"Hyde Park, London",http://en.wikipedia.org/wiki/Hyde_Park%2C_London,123738,park
Aleutian Islands,http://en.wikipedia.org/wiki/Aleutian_Islands,119285,island
Bryce Canyon National Park,http://en.wikipedia.org/wiki/Bryce_Canyon_National_Park,219562,national_park
San Francisco International Airport,http://en.wikipedia.org/wiki/San_Francisco_International_Airport,8688,aerodrome
Gaza Strip,http://en.wikipedia.org/wiki/Gaza_Strip,39760,region
"Compton, California",http://en.wikipedia.org/wiki/Compton%2C_California,487119,city
Hong Kong,http://en.wikipedia.org/wiki/Hong_Kong,8646,city
"Toledo, Spain",http://en.wikipedia.org/wiki/Toledo%2C_Spain,5836,city
Massachusetts,http://en.wikipedia.org/wiki/Massachusetts,771,state
"Bellevue, Washington",http://en.wikipedia.org/wiki/Bellevue%2C_Washington,214164,city
Cheyenne Mountain nuclear bunker,http://en.wikipedia.org/wiki/Cheyenne_Mountain_nuclear_bunker,1071445,bunker
Nagpur,http://en.wikipedia.org/wiki/Nagpur,1513,city
Long Island,http://en.wikipedia.org/wiki/Long_Island,18438,island
Bhopal,http://en.wikipedia.org/wiki/Bhopal,80989,city
"Huntington Beach, California",http://en.wikipedia.org/wiki/Huntington_Beach%2C_California,5917,city
Grand Canyon,http://en.wikipedia.org/wiki/Grand_Canyon,118841,landform
"Jama Masjid, Delhi",http://en.wikipedia.org/wiki/Jama_Masjid%2C_Delhi,233678,place_of_worship
University of Pennsylvania,http://en.wikipedia.org/wiki/University_of_Pennsylvania,49117,university
Smithsonian Institution,http://en.wikipedia.org/wiki/Smithsonian_Institution,131626,museum
"Austin, Texas",http://en.wikipedia.org/wiki/Austin%2C_Texas,16559,city
Rocky Mountains,http://en.wikipedia.org/wiki/Rocky_Mountains,5463,ridge
Oberlin College,http://en.wikipedia.org/wiki/Oberlin_College,616591,college
Surat,http://en.wikipedia.org/wiki/Surat,4629,city
Bengal,http://en.wikipedia.org/wiki/Bengal,80338,region
"Ann Arbor, Michigan",http://en.wikipedia.org/wiki/Ann_Arbor%2C_Michigan,485172,city
Coimbatore,http://en.wikipedia.org/wiki/Coimbatore,9885,city
College of William & Mary,http://en.wikipedia.org/wiki/College_of_William_%26_Mary,875637,college
Rajasthan,http://en.wikipedia.org/wiki/Rajasthan,1437,state
Montana,http://en.wikipedia.org/wiki/Montana,1212,state
Houston,http://en.wikipedia.org/wiki/Houston,16555,city
Biafra,http://en.wikipedia.org/wiki/Biafra,178469,state
Osaka,http://en.wikipedia.org/wiki/Osaka,35765,city
Australia (continent),http://en.wikipedia.org/wiki/Australia_%28continent%29,3960,continent
"Tulsa, Oklahoma",http://en.wikipedia.org/wiki/Tulsa%2C_Oklahoma,44989,city
Munnar,http://en.wikipedia.org/wiki/Munnar,1025124,town
"Berkeley, California",http://en.wikipedia.org/wiki/Berkeley%2C_California,484678,city
North America,http://en.wikipedia.org/wiki/North_America,49,continent
United States Military Academy,http://en.wikipedia.org/wiki/United_States_Military_Academy,9219,university
Epcot,http://en.wikipedia.org/wiki/Epcot,1052042,theme_park
Ohio River,http://en.wikipedia.org/wiki/Ohio_River,4915,river
University of Miami,http://en.wikipedia.org/wiki/University_of_Miami,738258,university
"Palm Springs, California",http://en.wikipedia.org/wiki/Palm_Springs%2C_California,488004,city
South India,http://en.wikipedia.org/wiki/South_India,542146,region
University of North Carolina at Chapel Hill,http://en.wikipedia.org/wiki/University_of_North_Carolina_at_Chapel_Hill,192334,university
University of British Columbia,http://en.wikipedia.org/wiki/University_of_British_Columbia,391028,university
Taj Mahal,http://en.wikipedia.org/wiki/Taj_Mahal,9141,monument
Pennsylvania,http://en.wikipedia.org/wiki/Pennsylvania,1400,state
Arlington National Cemetery,http://en.wikipedia.org/wiki/Arlington_National_Cemetery,216344,cemetery
Milwaukee,http://en.wikipedia.org/wiki/Milwaukee,37836,city
"Wichita, Kansas",http://en.wikipedia.org/wiki/Wichita%2C_Kansas,49266,city
Indianapolis,http://en.wikipedia.org/wiki/Indianapolis,6346,city
Gurgaon,http://en.wikipedia.org/wiki/Gurgaon,238508,city
"Jersey City, New Jersey",http://en.wikipedia.org/wiki/Jersey_City%2C_New_Jersey,26339,city
London Stock Exchange,http://en.wikipedia.org/wiki/London_Stock_Exchange,171240,commercial
Olympic National Park,http://en.wikipedia.org/wiki/Olympic_National_Park,372093,national_park
Ahmedabad,http://en.wikipedia.org/wiki/Ahmedabad,1070,city
National Stock Exchange of India,http://en.wikipedia.org/wiki/National_Stock_Exchange_of_India,638740,commercial
Staples Center,http://en.wikipedia.org/wiki/Staples_Center,186080,stadium
Juilliard School,http://en.wikipedia.org/wiki/Juilliard_School,503246,university
Montmartre Cemetery,http://en.wikipedia.org/wiki/Montmartre_Cemetery,746647,cemetery
Sarah Lawrence College,http://en.wikipedia.org/wiki/Sarah_Lawrence_College,1051840,university
"Salem, Massachusetts",http://en.wikipedia.org/wiki/Salem%2C_Massachusetts,54140,city
Great Plains,http://en.wikipedia.org/wiki/Great_Plains,12707,region
Seattle–Tacoma International Airport,http://en.wikipedia.org/wiki/Seattle%E2%80%93Tacoma_International_Airport,14295,aerodrome
"Manali, Himachal Pradesh",http://en.wikipedia.org/wiki/Manali%2C_Himachal_Pradesh,83443,town
Wesleyan University,http://en.wikipedia.org/wiki/Wesleyan_University,49167,university
"Nashville, Tennessee",http://en.wikipedia.org/wiki/Nashville%2C_Tennessee,23197,city
Niagara Falls,http://en.wikipedia.org/wiki/Niagara_Falls,34221,waterfall
Illinois,http://en.wikipedia.org/wiki/Illinois,1204,state
United Kingdom,http://en.wikipedia.org/wiki/United_Kingdom,145,country
Delhi,http://en.wikipedia.org/wiki/Delhi,1353,city
Hudson River,http://en.wikipedia.org/wiki/Hudson_River,3140,river
Salton Sea,http://en.wikipedia.org/wiki/Salton_Sea,503301,lake
Montréal–Pierre Elliott Trudeau International Airport,http://en.wikipedia.org/wiki/Montr%C3%A9al%E2%80%93Pierre_Elliott_Trudeau_International_Airport,736627,aerodrome
"Flint, Michigan",http://en.wikipedia.org/wiki/Flint%2C_Michigan,490584,city
"Des Moines, Iowa",http://en.wikipedia.org/wiki/Des_Moines%2C_Iowa,39709,city
North Carolina,http://en.wikipedia.org/wiki/North_Carolina,1454,state
"Amarillo, Texas",http://en.wikipedia.org/wiki/Amarillo%2C_Texas,51691,city
"Newark, New Jersey",http://en.wikipedia.org/wiki/Newark%2C_New_Jersey,25395,city
Rhode Island,http://en.wikipedia.org/wiki/Rhode_Island,1387,state
Queens,http://en.wikipedia.org/wiki/Queens,18424,county
Colorado,http://en.wikipedia.org/wiki/Colorado,1261,state
"Burbank, California",http://en.wikipedia.org/wiki/Burbank%2C_California,39561,city
London Eye,http://en.wikipedia.org/wiki/London_Eye,160659,attraction
Fordham University,http://en.wikipedia.org/wiki/Fordham_University,130965,university
Calgary,http://en.wikipedia.org/wiki/Calgary,36312,city
Liberty University,http://en.wikipedia.org/wiki/Liberty_University,1468607,university
Jharkhand,http://en.wikipedia.org/wiki/Jharkhand,1184,state
Chicago,http://en.wikipedia.org/wiki/Chicago,1297,city
Ajanta Caves,http://en.wikipedia.org/wiki/Ajanta_Caves,184427,monument
Vermont,http://en.wikipedia.org/wiki/Vermont,16551,state
"Elgin, Illinois",http://en.wikipedia.org/wiki/Elgin%2C_Illinois,499887,monument
"Waco, Texas",http://en.wikipedia.org/wiki/Waco%2C_Texas,128244,city
San Andreas Fault,http://en.wikipedia.org/wiki/San_Andreas_Fault,191218,landform
"Camden, New Jersey",http://en.wikipedia.org/wiki/Camden%2C_New_Jersey,138367,city
"Flagstaff, Arizona",http://en.wikipedia.org/wiki/Flagstaff%2C_Arizona,79842,city
Missouri,http://en.wikipedia.org/wiki/Missouri,1581,state
Connecticut,http://en.wikipedia.org/wiki/Connecticut,779,state
Marrakesh,http://en.wikipedia.org/wiki/Marrakesh,101625,city
Puducherry,http://en.wikipedia.org/wiki/Puducherry,66743,state
Redwood National and State Parks,http://en.wikipedia.org/wiki/Redwood_National_and_State_Parks,191824,park
Philadelphia,http://en.wikipedia.org/wiki/Philadelphia,1345,city
Cornell University,http://en.wikipedia.org/wiki/Cornell_University,49115,university
Pyrenees,http://en.wikipedia.org/wiki/Pyrenees,12431,ridge
United States Capitol,http://en.wikipedia.org/wiki/United_States_Capitol,54109,government
Havana,http://en.wikipedia.org/wiki/Havana,1563,city
Casa Milà,http://en.wikipedia.org/wiki/Casa_Mil%C3%A0,207870,attraction
"Bellingham, Washington",http://en.wikipedia.org/wiki/Bellingham%2C_Washington,430267,city
Marseille,http://en.wikipedia.org/wiki/Marseille,23482,city
Sanchi,http://en.wikipedia.org/wiki/Sanchi,181123,monument
Karnataka,http://en.wikipedia.org/wiki/Karnataka,1185,state
Mumbai,http://en.wikipedia.org/wiki/Mumbai,1156,city
Washington metropolitan area,http://en.wikipedia.org/wiki/Washington_metropolitan_area,2367175,region
Washington Dulles International Airport,http://en.wikipedia.org/wiki/Washington_Dulles_International_Airport,466835,aerodrome
"Muscle Shoals, Alabama",http://en.wikipedia.org/wiki/Muscle_Shoals%2C_Alabama,79245,city
Oklahoma,http://en.wikipedia.org/wiki/Oklahoma,1649,state
Wall Street,http://en.wikipedia.org/wiki/Wall_Street,11690,commercial
Georgia (U.S. state),http://en.wikipedia.org/wiki/Georgia_%28U.S._state%29,1428,state
"Boca Raton, Florida",http://en.wikipedia.org/wiki/Boca_Raton%2C_Florida,29422,city
Virginia,http://en.wikipedia.org/wiki/Virginia,1370,state
Northeastern United States,http://en.wikipedia.org/wiki/Northeastern_United_States,24460,region
"Santa Fe, New Mexico",http://en.wikipedia.org/wiki/Santa_Fe%2C_New_Mexico,38555,city
"Aspen, Colorado",http://en.wikipedia.org/wiki/Aspen%2C_Colorado,205842,city
"Jackson, Mississippi",http://en.wikipedia.org/wiki/Jackson%2C_Mississippi,28198,city
"Naples, Florida",http://en.wikipedia.org/wiki/Naples%2C_Florida,257830,city
"Ithaca, New York",http://en.wikipedia.org/wiki/Ithaca%2C_New_York,217346,city
Lake Tahoe,http://en.wikipedia.org/wiki/Lake_Tahoe,169962,lake
Key West,http://en.wikipedia.org/wiki/Key_West,1187170,island
"Tacoma, Washington",http://en.wikipedia.org/wiki/Tacoma%2C_Washington,199797,city
Mall of America,http://en.wikipedia.org/wiki/Mall_of_America,659219,mall
High Roller (Ferris wheel),http://en.wikipedia.org/wiki/High_Roller_%28Ferris_wheel%29,892103,attraction
South Australia,http://en.wikipedia.org/wiki/South_Australia,35715,state
Sigiriya,http://en.wikipedia.org/wiki/Sigiriya,272153,castle
Hartsfield–Jackson Atlanta International Airport,http://en.wikipedia.org/wiki/Hartsfield%E2%80%93Jackson_Atlanta_International_Airport,214861,aerodrome
Brighton,http://en.wikipedia.org/wiki/Brighton,131491,city
Minneapolis,http://en.wikipedia.org/wiki/Minneapolis,36091,city
Mississippi,http://en.wikipedia.org/wiki/Mississippi,1494,state
Libya,http://en.wikipedia.org/wiki/Libya,1016,country
Kryptos,http://en.wikipedia.org/wiki/Kryptos,1345100,monument
Nebraska,http://en.wikipedia.org/wiki/Nebraska,1553,state
"Memphis, Tennessee",http://en.wikipedia.org/wiki/Memphis%2C_Tennessee,16563,city
"Little Rock, Arkansas",http://en.wikipedia.org/wiki/Little_Rock%2C_Arkansas,33405,city
"Palma, Majorca",http://en.wikipedia.org/wiki/Palma%2C_Majorca,8826,city
University of Paris,http://en.wikipedia.org/wiki/University_of_Paris,209842,university
Broadway (Manhattan),http://en.wikipedia.org/wiki/Broadway_%28Manhattan%29,11260,road
American University,http://en.wikipedia.org/wiki/American_University,168000,university
Louisiana,http://en.wikipedia.org/wiki/Louisiana,1588,state
Space Needle,http://en.wikipedia.org/wiki/Space_Needle,5317,attraction
Brigham Young University,http://en.wikipedia.org/wiki/Brigham_Young_University,332498,university
Iowa,http://en.wikipedia.org/wiki/Iowa,1546,state
"Sacramento, California",http://en.wikipedia.org/wiki/Sacramento%2C_California,18013,city
"Columbus, Ohio",http://en.wikipedia.org/wiki/Columbus%2C_Ohio,16567,city
Lotus Temple,http://en.wikipedia.org/wiki/Lotus_Temple,940843,place_of_worship
British Isles,http://en.wikipedia.org/wiki/British_Isles,38272,island
Tamil Nadu,http://en.wikipedia.org/wiki/Tamil_Nadu,1445,state
Matterhorn,http://en.wikipedia.org/wiki/Matterhorn,1374,peak
Miami International Airport,http://en.wikipedia.org/wiki/Miami_International_Airport,127530,aerodrome
Canberra,http://en.wikipedia.org/wiki/Canberra,3114,city
Delaware,http://en.wikipedia.org/wiki/Delaware,1393,state
"Five Points, Manhattan",http://en.wikipedia.org/wiki/Five_Points%2C_Manhattan,1144561,neighbourhood
O'Hare International Airport,http://en.wikipedia.org/wiki/O%27Hare_International_Airport,213717,aerodrome
"Williamsburg, Brooklyn",http://en.wikipedia.org/wiki/Williamsburg%2C_Brooklyn,771572,neighbourhood
"Providence, Rhode Island",http://en.wikipedia.org/wiki/Providence%2C_Rhode_Island,18383,city
Catalonia,http://en.wikipedia.org/wiki/Catalonia,5705,state
"Washington, D.C.",http://en.wikipedia.org/wiki/Washington%2C_D.C.,61,region
"University of California, Irvine",http://en.wikipedia.org/wiki/University_of_California%2C_Irvine,868421,university
Himalayas,http://en.wikipedia.org/wiki/Himalayas,5451,ridge
San Fernando Valley,http://en.wikipedia.org/wiki/San_Fernando_Valley,816843,region
"Oakland, California",http://en.wikipedia.org/wiki/Oakland%2C_California,17042,city
Love Canal,http://en.wikipedia.org/wiki/Love_Canal,1872409,neighbourhood
King's College London,http://en.wikipedia.org/wiki/King%27s_College_London,245247,university
Cleveland,http://en.wikipedia.org/wiki/Cleveland,37320,city
Southampton,http://en.wikipedia.org/wiki/Southampton,79848,city
"Cambridge, Massachusetts",http://en.wikipedia.org/wiki/Cambridge%2C_Massachusetts,49111,city
Lawrence Berkeley National Laboratory,http://en.wikipedia.org/wiki/Lawrence_Berkeley_National_Laboratory,1133630,research
Indore,http://en.wikipedia.org/wiki/Indore,66616,city
Majorca,http://en.wikipedia.org/wiki/Majorca,8828,island
Pennsylvania Station (New York City),http://en.wikipedia.org/wiki/Pennsylvania_Station_%28New_York_City%29,54451,station
"Lexington, Kentucky",http://en.wikipedia.org/wiki/Lexington%2C_Kentucky,49241,city
Levi's Stadium,http://en.wikipedia.org/wiki/Levi%27s_Stadium,7419343,stadium
"Arlington County, Virginia",http://en.wikipedia.org/wiki/Arlington_County%2C_Virginia,107126,county
Texas A&M University,http://en.wikipedia.org/wiki/Texas_A%26M_University,49212,university
Biltmore Estate,http://en.wikipedia.org/wiki/Biltmore_Estate,585521,attraction
San Francisco Bay Area,http://en.wikipedia.org/wiki/San_Francisco_Bay_Area,213205,region
Buckinghamshire,http://en.wikipedia.org/wiki/Buckinghamshire,23229,county
Chicago metropolitan area,http://en.wikipedia.org/wiki/Chicago_metropolitan_area,1754965,region
Graceland,http://en.wikipedia.org/wiki/Graceland,545360,attraction
Chrysler Building,http://en.wikipedia.org/wiki/Chrysler_Building,11274,attraction
Oahu,http://en.wikipedia.org/wiki/Oahu,131347,island
West Bengal,http://en.wikipedia.org/wiki/West_Bengal,1356,state
"Palo Alto, California",http://en.wikipedia.org/wiki/Palo_Alto%2C_California,47265,city
University of Illinois at Urbana–Champaign,http://en.wikipedia.org/wiki/University_of_Illinois_at_Urbana%E2%80%93Champaign,457281,university
Michigan Stadium,http://en.wikipedia.org/wiki/Michigan_Stadium,1640118,stadium
Westminster Abbey,http://en.wikipedia.org/wiki/Westminster_Abbey,5933,place_of_worship
Playboy Mansion,http://en.wikipedia.org/wiki/Playboy_Mansion,1783719,attraction
Ohio,http://en.wikipedia.org/wiki/Ohio,1397,state
Mayo Clinic,http://en.wikipedia.org/wiki/Mayo_Clinic,1130172,hospital
Bermuda Triangle,http://en.wikipedia.org/wiki/Bermuda_Triangle,43708,region
Denver International Airport,http://en.wikipedia.org/wiki/Denver_International_Airport,330015,aerodrome
Vietnam Veterans Memorial,http://en.wikipedia.org/wiki/Vietnam_Veterans_Memorial,713628,memorial
"Bel Air, Los Angeles",http://en.wikipedia.org/wiki/Bel_Air%2C_Los_Angeles,86768,neighbourhood
University of Wisconsin–Madison,http://en.wikipedia.org/wiki/University_of_Wisconsin%E2%80%93Madison,838330,university
Utah,http://en.wikipedia.org/wiki/Utah,829,state
Harvard University,http://en.wikipedia.org/wiki/Harvard_University,13371,university
"Dayton, Ohio",http://en.wikipedia.org/wiki/Dayton%2C_Ohio,34739,city
Tijuana,http://en.wikipedia.org/wiki/Tijuana,124739,city
Yellowstone Caldera,http://en.wikipedia.org/wiki/Yellowstone_Caldera,650836,volcano
Princeton University,http://en.wikipedia.org/wiki/Princeton_University,21578,university
Padmanabhaswamy Temple,http://en.wikipedia.org/wiki/Padmanabhaswamy_Temple,1473969,place_of_worship
"Jamestown, Virginia",http://en.wikipedia.org/wiki/Jamestown%2C_Virginia,323813,town
7 World Trade Center,http://en.wikipedia.org/wiki/7_World_Trade_Center,270066,attraction
Washington Monument,http://en.wikipedia.org/wiki/Washington_Monument,178114,monument
Mount McKinley,http://en.wikipedia.org/wiki/Mount_McKinley,130018,peak
Florida,http://en.wikipedia.org/wiki/Florida,812,state
Cedar Point,http://en.wikipedia.org/wiki/Cedar_Point,859230,theme_park
Sundarbans,http://en.wikipedia.org/wiki/Sundarbans,4526,forest
Flathead Lake,http://en.wikipedia.org/wiki/Flathead_Lake,1427364,lake
Detroit,http://en.wikipedia.org/wiki/Detroit,12439,city
"Gainesville, Florida",http://en.wikipedia.org/wiki/Gainesville%2C_Florida,487999,city
"San Jose, California",http://en.wikipedia.org/wiki/San_Jose%2C_California,16553,city
California,http://en.wikipedia.org/wiki/California,99,state
"Pasadena, California",http://en.wikipedia.org/wiki/Pasadena%2C_California,485176,city
"Grand Rapids, Michigan",http://en.wikipedia.org/wiki/Grand_Rapids%2C_Michigan,184587,city
Odisha,http://en.wikipedia.org/wiki/Odisha,22048,state
Sydney,http://en.wikipedia.org/wiki/Sydney,3130,city
Tripura,http://en.wikipedia.org/wiki/Tripura,1363,state
Purdue University,http://en.wikipedia.org/wiki/Purdue_University,217741,university
English Channel,http://en.wikipedia.org/wiki/English_Channel,34640,sea
Library of Congress,http://en.wikipedia.org/wiki/Library_of_Congress,131454,library
Andorra,http://en.wikipedia.org/wiki/Andorra,228,country
Michigan,http://en.wikipedia.org/wiki/Michigan,1166,state
AT&T Stadium,http://en.wikipedia.org/wiki/AT%26T_Stadium,838284,stadium
Faroe Islands,http://en.wikipedia.org/wiki/Faroe_Islands,4628,country
Allahabad,http://en.wikipedia.org/wiki/Allahabad,162442,city
"Wilmington, Delaware",http://en.wikipedia.org/wiki/Wilmington%2C_Delaware,174224,city
Nevada,http://en.wikipedia.org/wiki/Nevada,1227,state
Mississippi River,http://en.wikipedia.org/wiki/Mississippi_River,1497,river
Principality of Sealand,http://en.wikipedia.org/wiki/Principality_of_Sealand,13706,offshore_platform
Nova Scotia,http://en.wikipedia.org/wiki/Nova_Scotia,1952,state
"University of California, Berkeley",http://en.wikipedia.org/wiki/University_of_California%2C_Berkeley,168756,university
"Richmond, Virginia",http://en.wikipedia.org/wiki/Richmond%2C_Virginia,43421,city
Southern United States,http://en.wikipedia.org/wiki/Southern_United_States,49042,region
"New Haven, Connecticut",http://en.wikipedia.org/wiki/New_Haven%2C_Connecticut,49145,city
Silicon Valley,http://en.wikipedia.org/wiki/Silicon_Valley,163820,region
Cascade Range,http://en.wikipedia.org/wiki/Cascade_Range,4558,ridge
Robert F. Kennedy Memorial Stadium,http://en.wikipedia.org/wiki/Robert_F._Kennedy_Memorial_Stadium,153312,stadium
Trafalgar Square,http://en.wikipedia.org/wiki/Trafalgar_Square,129143,attraction
Chennai,http://en.wikipedia.org/wiki/Chennai,1352,city
Toronto Pearson International Airport,http://en.wikipedia.org/wiki/Toronto_Pearson_International_Airport,242066,aerodrome
Cincinnati,http://en.wikipedia.org/wiki/Cincinnati,43196,city
New York,http://en.wikipedia.org/wiki/New_York,1384,state
Kentucky,http://en.wikipedia.org/wiki/Kentucky,1603,state
Wembley Stadium,http://en.wikipedia.org/wiki/Wembley_Stadium,128468,stadium
"Oakville, Washington",http://en.wikipedia.org/wiki/Oakville%2C_Washington,1510905,city
Leicester,http://en.wikipedia.org/wiki/Leicester,83065,city
Fifth Avenue,http://en.wikipedia.org/wiki/Fifth_Avenue,109858,road
"Phoenix, Arizona",http://en.wikipedia.org/wiki/Phoenix%2C_Arizona,16556,city
Georgia Institute of Technology,http://en.wikipedia.org/wiki/Georgia_Institute_of_Technology,864855,university
LaGuardia Airport,http://en.wikipedia.org/wiki/LaGuardia_Airport,319654,aerodrome
Magic Kingdom,http://en.wikipedia.org/wiki/Magic_Kingdom,1324340,theme_park
Wisconsin,http://en.wikipedia.org/wiki/Wisconsin,1537,state
University of Notre Dame,http://en.wikipedia.org/wiki/University_of_Notre_Dame,178848,university
Antilia (building),http://en.wikipedia.org/wiki/Antilia_%28building%29,576952,attraction
Hollywood Sign,http://en.wikipedia.org/wiki/Hollywood_Sign,180376,attraction
Duke University,http://en.wikipedia.org/wiki/Duke_University,168751,university
"Punjab, India",http://en.wikipedia.org/wiki/Punjab%2C_India,22424,state
Madhya Pradesh,http://en.wikipedia.org/wiki/Madhya_Pradesh,1188,state
Kerala,http://en.wikipedia.org/wiki/Kerala,1186,state
"Charlotte, North Carolina",http://en.wikipedia.org/wiki/Charlotte%2C_North_Carolina,16565,city
University of Virginia,http://en.wikipedia.org/wiki/University_of_Virginia,213439,university
"Oso, Washington",http://en.wikipedia.org/wiki/Oso%2C_Washington,1510467,town
Lombard Street (San Francisco),http://en.wikipedia.org/wiki/Lombard_Street_%28San_Francisco%29,930276,road
"Fort Collins, Colorado",http://en.wikipedia.org/wiki/Fort_Collins%2C_Colorado,490732,city
Columbia University,http://en.wikipedia.org/wiki/Columbia_University,49088,university
Pune,http://en.wikipedia.org/wiki/Pune,1538,city
"Venice, Los Angeles",http://en.wikipedia.org/wiki/Venice%2C_Los_Angeles,773853,neighbourhood
Flatiron Building,http://en.wikipedia.org/wiki/Flatiron_Building,220728,attraction
Annapurna,http://en.wikipedia.org/wiki/Annapurna,159621,ridge
Johnston Atoll,http://en.wikipedia.org/wiki/Johnston_Atoll,131008,island
Ecuador,http://en.wikipedia.org/wiki/Ecuador,736,country
"Boise, Idaho",http://en.wikipedia.org/wiki/Boise%2C_Idaho,35775,city
University of Manchester,http://en.wikipedia.org/wiki/University_of_Manchester,230899,university
Georgia Guidestones,http://en.wikipedia.org/wiki/Georgia_Guidestones,958391,monument
Alcatraz Island,http://en.wikipedia.org/wiki/Alcatraz_Island,131354,island
Aberdeen,http://en.wikipedia.org/wiki/Aberdeen,36405,city
"Montgomery, Alabama",http://en.wikipedia.org/wiki/Montgomery%2C_Alabama,29364,city
Windsor Castle,http://en.wikipedia.org/wiki/Windsor_Castle,42646,castle
Crater Lake,http://en.wikipedia.org/wiki/Crater_Lake,329266,lake
Greater Toronto Area,http://en.wikipedia.org/wiki/Greater_Toronto_Area,1024624,region
"University of California, Davis",http://en.wikipedia.org/wiki/University_of_California%2C_Davis,129421,university
"Santa Catalina Island, California",http://en.wikipedia.org/wiki/Santa_Catalina_Island%2C_California,845229,island
Bill Gates's house,http://en.wikipedia.org/wiki/Bill_Gates%27s_house,371973,attraction
Rio Grande,http://en.wikipedia.org/wiki/Rio_Grande,160636,river
St. Louis,http://en.wikipedia.org/wiki/St._Louis,38022,city
"Anaheim, California",http://en.wikipedia.org/wiki/Anaheim%2C_California,49247,city
Lake Erie,http://en.wikipedia.org/wiki/Lake_Erie,5492,lake
"Galveston, Texas",http://en.wikipedia.org/wiki/Galveston%2C_Texas,135744,city
Rock and Roll Hall of Fame,http://en.wikipedia.org/wiki/Rock_and_Roll_Hall_of_Fame,179191,museum
Three World Trade Center,http://en.wikipedia.org/wiki/Three_World_Trade_Center,941908,attraction
Coventry,http://en.wikipedia.org/wiki/Coventry,6225,city
San Diego,http://en.wikipedia.org/wiki/San_Diego,16552,city
Chhatrapati Shivaji International Airport,http://en.wikipedia.org/wiki/Chhatrapati_Shivaji_International_Airport,504368,aerodrome
Mount St. Helens,http://en.wikipedia.org/wiki/Mount_St._Helens,4675,volcano
Oman,http://en.wikipedia.org/wiki/Oman,842,country
Maryland,http://en.wikipedia.org/wiki/Maryland,1391,state
San Quentin State Prison,http://en.wikipedia.org/wiki/San_Quentin_State_Prison,912407,prison
"Asheville, North Carolina",http://en.wikipedia.org/wiki/Asheville%2C_North_Carolina,648501,city
Muscle Shoals Sound Studio,http://en.wikipedia.org/wiki/Muscle_Shoals_Sound_Studio,679366,attraction
Maharashtra,http://en.wikipedia.org/wiki/Maharashtra,1191,state
Great Britain,http://en.wikipedia.org/wiki/Great_Britain,23666,island
Stone Mountain,http://en.wikipedia.org/wiki/Stone_Mountain,609700,peak
Pondicherry,http://en.wikipedia.org/wiki/Pondicherry,639421,city
Scottish Highlands,http://en.wikipedia.org/wiki/Scottish_Highlands,106652,region
Ellis Island,http://en.wikipedia.org/wiki/Ellis_Island,202175,island
North Dakota,http://en.wikipedia.org/wiki/North_Dakota,1207,state
Bell Labs,http://en.wikipedia.org/wiki/Bell_Labs,217365,research
"Durham, North Carolina",http://en.wikipedia.org/wiki/Durham%2C_North_Carolina,49229,city
Rashtrapati Bhavan,http://en.wikipedia.org/wiki/Rashtrapati_Bhavan,677555,government
ADX Florence,http://en.wikipedia.org/wiki/ADX_Florence,75721,prison
House of Lords,http://en.wikipedia.org/wiki/House_of_Lords,11007,government
University of Texas at Austin,http://en.wikipedia.org/wiki/University_of_Texas_at_Austin,49213,university
India,http://en.wikipedia.org/wiki/India,668,country
Dallas,http://en.wikipedia.org/wiki/Dallas,16557,city
"Tallahassee, Florida",http://en.wikipedia.org/wiki/Tallahassee%2C_Florida,37043,city
Meenakshi Amman Temple,http://en.wikipedia.org/wiki/Meenakshi_Amman_Temple,1424358,place_of_worship
Columbia River,http://en.wikipedia.org/wiki/Columbia_River,2251,river
"Scottsdale, Arizona",http://en.wikipedia.org/wiki/Scottsdale%2C_Arizona,49221,city
Ronald Reagan Washington National Airport,http://en.wikipedia.org/wiki/Ronald_Reagan_Washington_National_Airport,676576,aerodrome
Lake Michigan,http://en.wikipedia.org/wiki/Lake_Michigan,1169,lake
Martha's Vineyard,http://en.wikipedia.org/wiki/Martha%27s_Vineyard,49148,island
Bihar,http://en.wikipedia.org/wiki/Bihar,1165,state
Yamuna,http://en.wikipedia.org/wiki/Yamuna,132726,river
Nottingham,http://en.wikipedia.org/wiki/Nottingham,41262,city
University of Michigan,http://en.wikipedia.org/wiki/University_of_Michigan,230492,university
Tower Bridge,http://en.wikipedia.org/wiki/Tower_Bridge,83125,bridge
Willis Tower,http://en.wikipedia.org/wiki/Willis_Tower,29294,attraction
Rice University,http://en.wikipedia.org/wiki/Rice_University,842909,university
Wrigley Field,http://en.wikipedia.org/wiki/Wrigley_Field,1052807,stadium
Borneo,http://en.wikipedia.org/wiki/Borneo,36117,island
Monument Valley,http://en.wikipedia.org/wiki/Monument_Valley,192017,region
Zion National Park,http://en.wikipedia.org/wiki/Zion_National_Park,205325,national_park
Papua New Guinea,http://en.wikipedia.org/wiki/Papua_New_Guinea,691,country
Thiruvananthapuram,http://en.wikipedia.org/wiki/Thiruvananthapuram,167715,city
"University of California, Los Angeles",http://en.wikipedia.org/wiki/University_of_California%2C_Los_Angeles,174710,university
Mississauga,http://en.wikipedia.org/wiki/Mississauga,50816,city
Half Dome,http://en.wikipedia.org/wiki/Half_Dome,925252,peak
Appalachia,http://en.wikipedia.org/wiki/Appalachia,2673740,region
Las Vegas Strip,http://en.wikipedia.org/wiki/Las_Vegas_Strip,745608,road
"Darrington, Washington",http://en.wikipedia.org/wiki/Darrington%2C_Washington,1507497,town
Ghoramara Island,http://en.wikipedia.org/wiki/Ghoramara_Island,4231772,island
Arizona,http://en.wikipedia.org/wiki/Arizona,816,state
Virginia Tech,http://en.wikipedia.org/wiki/Virginia_Tech,65379,university
Mysore,http://en.wikipedia.org/wiki/Mysore,10086,city
"Isla Vista, California",http://en.wikipedia.org/wiki/Isla_Vista%2C_California,1674054,town
Denver,http://en.wikipedia.org/wiki/Denver,16554,city
West Virginia,http://en.wikipedia.org/wiki/West_Virginia,1371,state
Miami,http://en.wikipedia.org/wiki/Miami,8652,city
Greenwich Village,http://en.wikipedia.org/wiki/Greenwich_Village,205380,neighbourhood
Yellowstone National Park,http://en.wikipedia.org/wiki/Yellowstone_National_Park,351,national_park
"Hamilton, Ontario",http://en.wikipedia.org/wiki/Hamilton%2C_Ontario,133116,city
George Bush Intercontinental Airport,http://en.wikipedia.org/wiki/George_Bush_Intercontinental_Airport,744748,aerodrome
Bangladesh,http://en.wikipedia.org/wiki/Bangladesh,902,country
"Miami Beach, Florida",http://en.wikipedia.org/wiki/Miami_Beach%2C_Florida,201516,city
Vadodara,http://en.wikipedia.org/wiki/Vadodara,11909,city
"Charlottesville, Virginia",http://en.wikipedia.org/wiki/Charlottesville%2C_Virginia,123766,city
Walt Disney World,http://en.wikipedia.org/wiki/Walt_Disney_World,206859,theme_park
Western Ghats,http://en.wikipedia.org/wiki/Western_Ghats,4527,ridge
"Chattanooga, Tennessee",http://en.wikipedia.org/wiki/Chattanooga%2C_Tennessee,186702,city
Monte Carlo,http://en.wikipedia.org/wiki/Monte_Carlo,45240,region
The New School,http://en.wikipedia.org/wiki/The_New_School,599316,university
Great Salt Lake,http://en.wikipedia.org/wiki/Great_Salt_Lake,178741,lake
York,http://en.wikipedia.org/wiki/York,42462,city
Mason–Dixon line,http://en.wikipedia.org/wiki/Mason%E2%80%93Dixon_line,530472,boundary
Minneapolis–Saint Paul,http://en.wikipedia.org/wiki/Minneapolis%E2%80%93Saint_Paul,1480013,region
Midtown Manhattan,http://en.wikipedia.org/wiki/Midtown_Manhattan,11249,neighbourhood
Moulin Rouge,http://en.wikipedia.org/wiki/Moulin_Rouge,151030,theatre
Mauna Kea,http://en.wikipedia.org/wiki/Mauna_Kea,131230,volcano
Qutb Minar,http://en.wikipedia.org/wiki/Qutb_Minar,187635,monument
Michigan State University,http://en.wikipedia.org/wiki/Michigan_State_University,270222,university
"7, Race Course Road",http://en.wikipedia.org/wiki/7%2C_Race_Course_Road,2030145,government
"University of California, San Diego",http://en.wikipedia.org/wiki/University_of_California%2C_San_Diego,622664,university
Boston University,http://en.wikipedia.org/wiki/Boston_University,49110,university
Rameswaram,http://en.wikipedia.org/wiki/Rameswaram,1435144,town
"Knoxville, Tennessee",http://en.wikipedia.org/wiki/Knoxville%2C_Tennessee,185582,city
Kennedy Space Center,http://en.wikipedia.org/wiki/Kennedy_Space_Center,48821,government
San Francisco–Oakland Bay Bridge,http://en.wikipedia.org/wiki/San_Francisco%E2%80%93Oakland_Bay_Bridge,771404,bridge
"Sioux Falls, South Dakota",http://en.wikipedia.org/wiki/Sioux_Falls%2C_South_Dakota,131335,city
Atlanta,http://en.wikipedia.org/wiki/Atlanta,23556,city
"Madison, Wisconsin",http://en.wikipedia.org/wiki/Madison%2C_Wisconsin,43788,city
Pittsburgh,http://en.wikipedia.org/wiki/Pittsburgh,1342,city
"Santa Monica, California",http://en.wikipedia.org/wiki/Santa_Monica%2C_California,47164,city
Ciudad Juárez,http://en.wikipedia.org/wiki/Ciudad_Ju%C3%A1rez,26590,city
Erie Canal,http://en.wikipedia.org/wiki/Erie_Canal,459578,canal
Georgetown University,http://en.wikipedia.org/wiki/Georgetown_University,333886,university
Big Ben,http://en.wikipedia.org/wiki/Big_Ben,41225,attraction
Vancouver,http://en.wikipedia.org/wiki/Vancouver,24639,city
Idaho,http://en.wikipedia.org/wiki/Idaho,1221,state
"Atlantic City, New Jersey",http://en.wikipedia.org/wiki/Atlantic_City%2C_New_Jersey,139564,city
"Yonkers, New York",http://en.wikipedia.org/wiki/Yonkers%2C_New_York,128114,city
Adam's Bridge,http://en.wikipedia.org/wiki/Adam%27s_Bridge,201743,bridge
Fort Sumter,http://en.wikipedia.org/wiki/Fort_Sumter,737517,shoal
Daryaganj,http://en.wikipedia.org/wiki/Daryaganj,5226121,neighbourhood
Cloud Gate,http://en.wikipedia.org/wiki/Cloud_Gate,589099,attraction
Exeter,http://en.wikipedia.org/wiki/Exeter,134672,city
"Jagannath Temple, Puri",http://en.wikipedia.org/wiki/Jagannath_Temple%2C_Puri,1678260,place_of_worship
Tennessee,http://en.wikipedia.org/wiki/Tennessee,1509,state
Normandy,http://en.wikipedia.org/wiki/Normandy,15878,region
The Forum (Inglewood),http://en.wikipedia.org/wiki/The_Forum_%28Inglewood%29,639129,stadium
"Columbia, South Carolina",http://en.wikipedia.org/wiki/Columbia%2C_South_Carolina,38453,city
"Arlington, Washington",http://en.wikipedia.org/wiki/Arlington%2C_Washington,1055866,city
Candlestick Park,http://en.wikipedia.org/wiki/Candlestick_Park,1033076,stadium
University of Southern California,http://en.wikipedia.org/wiki/University_of_Southern_California,4614,university
Balearic Islands,http://en.wikipedia.org/wiki/Balearic_Islands,5765,state
Brihadeeswarar Temple,http://en.wikipedia.org/wiki/Brihadeeswarar_Temple,916943,place_of_worship
Arkansas,http://en.wikipedia.org/wiki/Arkansas,1612,state
Brahmaputra River,http://en.wikipedia.org/wiki/Brahmaputra_River,45403,river
"Sarasota, Florida",http://en.wikipedia.org/wiki/Sarasota%2C_Florida,491540,city
"Albany, New York",http://en.wikipedia.org/wiki/Albany%2C_New_York,24861,city
"Syracuse, New York",http://en.wikipedia.org/wiki/Syracuse%2C_New_York,128069,city
Lindisfarne,http://en.wikipedia.org/wiki/Lindisfarne,213804,island
"Long Beach, California",http://en.wikipedia.org/wiki/Long_Beach%2C_California,16739,city
Great Lakes,http://en.wikipedia.org/wiki/Great_Lakes,7347,region
Chesapeake Bay,http://en.wikipedia.org/wiki/Chesapeake_Bay,216868,bay
Deccan Plateau,http://en.wikipedia.org/wiki/Deccan_Plateau,169966,region
